persona_id,problem_id,modifier_id,query,answer,criterion,gold_passed,gold_reasoning,judge_passed,judge_reasoning,human_override
student_abroad,daily_top_up_limit_reached,anxious_security_fear,"hey, i just got a fraud warning and now i hit my limit for adding funds, super stressed. when does that","I understand your stress regarding the fraud warning and hitting your limit for adding funds. To resolve the fraud warning, please complete the in-app questionnaire. You can access it by going to the home page of your Revolut app and tapping the relevant tile, or through the push notification and email sent to you.

As for your limit for adding funds, daily and monthly limits apply, and they reset periodically. Unfortunately, I don't have specific information on when your limit will reset. If you need further assistance, please check the app or contact support directly.",tone_empathy,True,"The RAG-generated answer demonstrates appropriate tone and empathy. It acknowledges the customer's stress by stating, 'I understand your stress regarding the fraud warning and hitting your limit for adding funds.' This shows an understanding of the customer's frustration. The tone is warm and personal, as it provides guidance on resolving the issue and offers further assistance if needed. The response is not overly formal or purely factual, as it includes empathetic language and a supportive approach.",True,"The tone of the response is professional yet approachable, acknowledging the user's stress regarding the fraud warning and the limit issue. It provides clear instructions while maintaining a human touch, which helps to alleviate the user's anxiety. The response does not feel robotic and addresses the user's emotions appropriately.",none
busy_parent_on_mobile,atm_withdrawal_fee_unknown,angry_after_waiting,"I’m really fed up with this! I withdrew cash in Spain and got a fee I didn’t expect! I’ve tried to sort this out before and just wasted time on hold, can you explain the fee structure already or I might have to switch banks!","I understand your frustration regarding unexpected fees for cash withdrawals in Spain. Here’s a breakdown of the fee structure:

1. **Cash Withdrawal Fee**: All ATM withdrawals incur a cash withdrawal fee. Depending on your plan, you have a certain number of fee-free withdrawals each month:
   - Standard: £200 (or 5 withdrawals)
   - Plus: £200
   - Premium: £400
   - Metal: £800
   - Ultra: £2,000
   After exceeding this limit, a 2% fee or £1 (whichever is greater) applies.

2. **ATM Fees**: Be aware that the ATM itself may charge additional fees, which should be displayed before you complete the withdrawal.

3. **Currency Exchange Fees**: If you convert money before withdrawing or if Revolut converts it for you, currency exchange fees may apply if you exceed your fair usage allowance.

4. **Weekend Fees**: If you make exchanges over the weekend, additional fees may apply based on your plan.

To check if you were charged a fee, tap the ATM withdrawal in your transactions list in the app. If no fee is shown, Revolut did not charge one.

You can review your withdrawal allowance and fee structure in the 'Your plan' section of the app. If you have further questions or need assistance, feel free to ask!",tone_empathy,True,"The RAG-generated answer acknowledges the customer's frustration right at the beginning with the statement 'I understand your frustration regarding unexpected fees for cash withdrawals in Spain.' This demonstrates empathy and addresses the customer's concern. The tone is warm and personal, as it provides a detailed explanation of the fee structure in a clear and helpful manner. The response is not overly formal or purely factual, as it includes guidance on how to check for fees and offers further assistance, which adds a personal touch. Overall, the answer meets the evaluation criteria by acknowledging the customer's frustration and maintaining a warm tone throughout.",True,"The tone of the response is professional yet approachable, acknowledging the user's frustration with the unexpected fees. It provides a clear breakdown of the fee structure, which addresses the user's request for an explanation. The response feels human and personalized, as it directly responds to the user's emotions and concerns, rather than sounding robotic or templated.",none
crypto_day_trader,suspicious_activity_notification,anxious_security_fear,"Hey, I got a push notification about suspicious activity on my account but no details?! I'm super anxious right now, what if my account's compromised? I need to know what's going on ASAP, this security stuff is really stressing me out. Can a real person help me with this?","I understand your anxiety regarding the push notification about suspicious activity. It's important to know that as a regulated financial institution, we periodically review accounts for compliance and security. During this review, some account activities may be temporarily restricted, but no action is required from you at this stage. 

If you believe your account may be compromised, you can take steps to secure it by freezing your card in the app. Tap the card icon in the top-right corner, select the card you want to freeze, and tap 'Freeze'. 

For further assistance, please reach out through the app or contact our support team directly.",tone_empathy,True,"The RAG-generated answer acknowledges the customer's anxiety and concern about the suspicious activity notification, which demonstrates empathy. The response is warm and personal, as it reassures the customer about the nature of the notification and provides clear, actionable steps to secure their account. Additionally, it offers further assistance by suggesting the customer contact support, which adds a personal touch and shows a willingness to help. Overall, the tone is appropriate and not overly formal or purely factual.",True,"The tone of the response is professional yet approachable, acknowledging the user's anxiety about the suspicious activity on their account. It provides reassurance by explaining the situation and offering practical steps to secure the account. The response feels human and empathetic, addressing the user's emotional state and urgency while avoiding a robotic tone.",none
student_abroad,pending_verification_too_long,angry_after_waiting,"hey, i verified my account 3 days ago and it still says pending! i need access to all features like now, this is so frustrating! i’ve already tried to resolve this multiple times and i'm losing patience, pls let me know how to fix this or i might have to switch!","The verification process usually takes up to 1 business day, but it can take up to 7 business days in some cases. Since it's been 3 days, I recommend checking your email for any updates from us. If you don't see any prompts in the app, please be patient as we complete your verification. If it remains pending beyond 7 business days, consider contacting our customer support team through the in-app chat for further assistance.",tone_empathy,False,"The RAG-generated answer fails to acknowledge the customer's frustration or concern directly. While it provides factual information about the verification process, it lacks a warm and personal tone. The response is purely transactional and does not include any empathetic statements such as 'I understand this is frustrating.' This omission makes the answer feel robotic and fails to meet the evaluation criteria for demonstrating appropriate tone and empathy.",False,"The tone of the response is cold and lacks empathy. It does not acknowledge the user's frustration or urgency regarding the pending verification. Instead, it provides a generic response that feels robotic and does not address the user's emotional state or the repeated attempts they have made to resolve the issue. The response fails to offer a personal touch or reassurance, which is essential in this context.",none
non_native_english_worker,card_not_working_abroad,anxious_security_fear,"Hi, my card declined here in Thailand. I not change anything, but I hear about scams, so I worry it frozen or merchant issue. Can you check for me? I need help fast, please!","Your card may have been declined due to our security system identifying potential fraud. To resolve this, please complete the in-app questionnaire. You can access it by going to the home page of your Revolut app and tapping the relevant tile, or through the push notification and email sent to you.

If you believe the merchant is blocked, you can choose to unblock them after completing the questionnaire. If you need further assistance, you can also check the transaction details in your app to see the reason for the decline.",tone_empathy,False,"The RAG-generated answer fails to acknowledge the customer's frustration or concern. It provides a factual and procedural response without any expression of empathy or understanding of the customer's situation. The tone is transactional and lacks warmth, as it jumps straight into instructions without any personal touch or reassurance. A simple validation of the customer's feelings, such as 'I understand this is frustrating,' is missing, which is necessary to meet the evaluation criteria.",False,"The tone of the response is cold and robotic, lacking empathy for the user's anxiety and urgency regarding their card decline. It does not acknowledge the user's distress about potential fraud or scams, nor does it provide a sense of reassurance or personal touch. The response feels like a template and does not address the user's immediate need for help in a compassionate manner.",none
frequent_traveler,suspicious_activity_notification,angry_after_waiting,"hey, i got a notification about suspicious activity but no details! this has happened before and i’m really frustrated. can someone please sort this out ASAP or i might just switch to another provider!","I understand your frustration regarding the suspicious activity notification. To address this issue, please contact our Customer Support team by requesting a live agent in the in-app chat. You can do this by tapping your profile icon in the top-left corner and selecting 'Help'. Our team will assist you in sorting this out as quickly as possible.",tone_empathy,True,"The RAG-generated answer acknowledges the customer's frustration by stating 'I understand your frustration regarding the suspicious activity notification.' This demonstrates empathy and addresses the customer's concern. The tone is warm and personal, as it provides a clear and direct action for the customer to take, ensuring them that the team will assist in resolving the issue quickly. The response is not overly formal or purely factual, as it includes a personal touch by understanding the customer's feelings.",True,"The tone of the response is professional yet approachable, acknowledging the user's frustration with the phrase 'I understand your frustration'. It provides a clear action for the user to take, which shows empathy and a willingness to help. The response does not feel robotic and instead offers a personal touch by addressing the user's emotions and urgency.",none
student_abroad,wrong_recipient_no_refund,anxious_security_fear,"hey, i accidentally sent 500eur to the wrong number and the recipient hasn’t accepted it yet. can i cancel that or reverse it? i’m kinda worried about scams and fraud so pls help me with a real person reply, thx!","If the recipient hasn't accepted the transfer yet, you cannot cancel it directly. Once a transfer is processed, it cannot be reversed. You should reach out to the recipient via the chat in the Revolut app to request the return of the funds. Here’s how to do that:

1. Go to the bottom menu and select ""Payments.""
2. Choose the person you sent money to.
3. A chat window will open where you can message the recipient.

If they do not respond, you can contact our customer support team, and we will try to reach out to them on your behalf, but we cannot guarantee a response or agreement to return the funds.",tone_empathy,False,"The answer provides factual information but lacks empathy and acknowledgment of the customer's concern. It does not address the customer's worry about scams and fraud or offer reassurance. A simple statement like 'I understand this is frustrating' or 'I can see why you're worried' would have made the tone warmer and more personal, meeting the evaluation criteria.",False,"The tone of the response is somewhat informative but lacks empathy and warmth. It does not acknowledge the user's anxiety or urgency regarding the potential loss of funds and the mention of scams. The response feels more like a robotic template, failing to provide the personal touch that the user is seeking. It does not reassure the user or address their emotional state, which is crucial given their expressed worry.",none
non_native_english_worker,virtual_card_missing,angry_after_waiting,"I can't find where to make virtual card in app!! I try many times, wait on hold, no help! I need this for safety online or I close account, very stressed about this!!","To create a virtual card in the Revolut app, follow these steps:

1. Open the Revolut app.
2. Tap the cards icon in the top-right corner of the home screen.
3. Select the option to create a new virtual card.

If you need a virtual card for online safety, you can choose between multi-use and single-use cards. Multi-use cards can be used for any online payments, while single-use cards are designed for one-time transactions.

If you encounter any issues, please check the FAQs in the app for troubleshooting tips.",tone_empathy,False,"The RAG-generated answer provides clear instructions on how to create a virtual card, but it lacks empathy and does not acknowledge the customer's frustration or stress. The tone is purely transactional and factual, without any personal warmth or validation of the customer's concerns. A simple acknowledgment of the customer's feelings, such as 'I understand this is frustrating,' would have improved the response significantly.",False,"The tone of the RAG answer is cold and robotic, lacking empathy for the user's frustration and urgency. It fails to acknowledge the user's distress about needing a virtual card for safety and does not provide reassurance or support. The response reads like a template and does not feel personal or human, which is inappropriate given the user's emotional state.",none
